run,scheme,impl,op,median_us,n
1,ML-KEM-512,python,keygen,2386.55,788
1,ML-KEM-512,python,encaps,3168.5,601
1,ML-KEM-512,python,decaps,4061.4,467
1,ML-KEM-768,python,keygen,3590.4,531
1,ML-KEM-768,python,encaps,6677.7,297
1,ML-KEM-768,python,decaps,9780.4,201
1,ML-KEM-1024,python,keygen,8250.55,256
1,ML-KEM-1024,python,encaps,10564.0,197
1,ML-KEM-1024,python,decaps,7633.0,240
1,ML-KEM-512,liboqs,keygen,64.6,27373
1,ML-KEM-512,liboqs,encaps,67.0,26532
1,ML-KEM-512,liboqs,decaps,24.7,73640
1,ML-KEM-768,liboqs,keygen,76.6,23489
1,ML-KEM-768,liboqs,encaps,77.8,23333
1,ML-KEM-768,liboqs,decaps,36.5,50134
1,ML-KEM-1024,liboqs,keygen,96.1,18642
1,ML-KEM-1024,liboqs,encaps,94.5,19169
1,ML-KEM-1024,liboqs,decaps,53.5,34449
1,ML-KEM-768,pyca,keygen,121.6,15356
1,ML-KEM-768,pyca,encaps,31.4,58908
1,ML-KEM-768,pyca,decaps,47.2,39569
1,ML-KEM-1024,pyca,keygen,173.7,10471
1,ML-KEM-1024,pyca,encaps,40.6,44397
1,ML-KEM-1024,pyca,decaps,63.1,29650
1,RSA-2048,pyca,keygen,28675.25,52
1,RSA-2048,pyca,encaps,19.5,93384
1,RSA-2048,pyca,decaps,461.8,4063
1,RSA-3072,pyca,keygen,150676.2,50
1,RSA-3072,pyca,encaps,35.3,51204
1,RSA-3072,pyca,decaps,1433.25,1308
1,RSA-4096,pyca,keygen,267298.55,50
1,RSA-4096,pyca,encaps,59.3,31194
1,RSA-4096,pyca,decaps,3211.5,591
1,RSA-7680,pyca,keygen,4298693.1,5
1,RSA-7680,pyca,encaps,182.8,10055
1,RSA-7680,pyca,decaps,29914.45,100
1,P-256,pyca,keygen,13.0,136197
1,P-256,pyca,encaps,63.4,28417
1,P-256,pyca,decaps,39.8,46054
1,P-384,pyca,keygen,615.7,3001
1,P-384,pyca,encaps,1251.4,1471
1,P-384,pyca,decaps,593.2,3164
1,P-521,pyca,keygen,1309.5,1451
1,P-521,pyca,encaps,2639.4,1000
1,P-521,pyca,decaps,1304.25,1458
1,X25519,pyca,keygen,27.3,63786
1,X25519,pyca,encaps,55.2,33629
1,X25519,pyca,decaps,24.5,74979
2,ML-KEM-512,python,keygen,2295.7,830
2,ML-KEM-512,python,encaps,3110.3,611
2,ML-KEM-512,python,decaps,3807.2,503
2,ML-KEM-768,python,keygen,3504.25,544
2,ML-KEM-768,python,encaps,4373.0,437
2,ML-KEM-768,python,decaps,5318.8,363
2,ML-KEM-1024,python,keygen,4969.1,391
2,ML-KEM-1024,python,encaps,6119.6,319
2,ML-KEM-1024,python,decaps,7537.5,255
2,ML-KEM-512,liboqs,keygen,64.0,27746
2,ML-KEM-512,liboqs,encaps,63.8,27693
2,ML-KEM-512,liboqs,decaps,23.9,76270
2,ML-KEM-768,liboqs,keygen,73.7,24318
2,ML-KEM-768,liboqs,encaps,74.5,23820
2,ML-KEM-768,liboqs,decaps,36.6,48995
2,ML-KEM-1024,liboqs,keygen,90.2,19977
2,ML-KEM-1024,liboqs,encaps,92.0,19064
2,ML-KEM-1024,liboqs,decaps,52.0,35304
2,ML-KEM-768,pyca,keygen,116.3,15696
2,ML-KEM-768,pyca,encaps,30.2,60183
2,ML-KEM-768,pyca,decaps,47.4,38064
2,ML-KEM-1024,pyca,keygen,164.6,11318
2,ML-KEM-1024,pyca,encaps,41.1,43678
2,ML-KEM-1024,pyca,decaps,61.4,29904
2,RSA-2048,pyca,keygen,36859.1,53
2,RSA-2048,pyca,encaps,20.3,88265
2,RSA-2048,pyca,decaps,464.2,4002
2,RSA-3072,pyca,keygen,132268.7,50
2,RSA-3072,pyca,encaps,36.9,48778
2,RSA-3072,pyca,decaps,1419.6,1342
2,RSA-4096,pyca,keygen,345722.5,50
2,RSA-4096,pyca,encaps,59.4,31317
2,RSA-4096,pyca,decaps,3234.3,592
2,RSA-7680,pyca,keygen,2567577.7,5
2,RSA-7680,pyca,encaps,190.5,9846
2,RSA-7680,pyca,decaps,30980.15,100
2,P-256,pyca,keygen,13.7,130813
2,P-256,pyca,encaps,66.3,27457
2,P-256,pyca,decaps,42.1,40823
2,P-384,pyca,keygen,626.5,2879
2,P-384,pyca,encaps,1341.7,1320
2,P-384,pyca,decaps,617.6,2980
2,P-521,pyca,keygen,1372.05,1396
2,P-521,pyca,encaps,2714.5,1000
2,P-521,pyca,decaps,1325.4,1426
2,X25519,pyca,keygen,27.0,67503
2,X25519,pyca,encaps,55.8,31986
2,X25519,pyca,decaps,25.3,73943
3,ML-KEM-512,python,keygen,2325.3,807
3,ML-KEM-512,python,encaps,3083.5,611
3,ML-KEM-512,python,decaps,3879.15,492
3,ML-KEM-768,python,keygen,3526.2,529
3,ML-KEM-768,python,encaps,4820.9,388
3,ML-KEM-768,python,decaps,5501.25,338
3,ML-KEM-1024,python,keygen,4990.3,377
3,ML-KEM-1024,python,encaps,6200.9,309
3,ML-KEM-1024,python,decaps,7338.2,262
3,ML-KEM-512,liboqs,keygen,67.8,25994
3,ML-KEM-512,liboqs,encaps,67.5,26787
3,ML-KEM-512,liboqs,decaps,25.1,68754
3,ML-KEM-768,liboqs,keygen,82.2,21977
3,ML-KEM-768,liboqs,encaps,82.2,21912
3,ML-KEM-768,liboqs,decaps,36.7,49476
3,ML-KEM-1024,liboqs,keygen,99.2,18023
3,ML-KEM-1024,liboqs,encaps,95.0,18337
3,ML-KEM-1024,liboqs,decaps,54.5,32205
3,ML-KEM-768,pyca,keygen,126.4,14138
3,ML-KEM-768,pyca,encaps,32.0,54871
3,ML-KEM-768,pyca,decaps,47.8,36744
3,ML-KEM-1024,pyca,keygen,172.3,10415
3,ML-KEM-1024,pyca,encaps,43.0,42511
3,ML-KEM-1024,pyca,decaps,63.1,29473
3,RSA-2048,pyca,keygen,32110.35,54
3,RSA-2048,pyca,encaps,20.4,89125
3,RSA-2048,pyca,decaps,470.4,3936
3,RSA-3072,pyca,keygen,115469.9,50
3,RSA-3072,pyca,encaps,37.0,50184
3,RSA-3072,pyca,decaps,1438.2,1314
3,RSA-4096,pyca,keygen,284960.6,50
3,RSA-4096,pyca,encaps,59.8,31085
3,RSA-4096,pyca,decaps,3338.4,574
3,RSA-7680,pyca,keygen,3365680.1,5
3,RSA-7680,pyca,encaps,188.0,10024
3,RSA-7680,pyca,decaps,29777.8,100
3,P-256,pyca,keygen,13.7,130028
3,P-256,pyca,encaps,65.5,28240
3,P-256,pyca,decaps,39.9,45281
3,P-384,pyca,keygen,603.1,3103
3,P-384,pyca,encaps,1214.1,1555
3,P-384,pyca,decaps,590.9,3187
3,P-521,pyca,keygen,1370.1,1369
3,P-521,pyca,encaps,2662.3,1000
3,P-521,pyca,decaps,1287.3,1476
3,X25519,pyca,keygen,26.1,69459
3,X25519,pyca,encaps,53.4,33768
3,X25519,pyca,decaps,25.5,72380
