scheme,impl,family,level_bits,op,median_us,q1_us,q3_us,ops_per_sec,pk_bytes,ct_bytes,sk_bytes,ss_bytes,n,peak_mem_bytes,est_cycles,run_spread_pct
ML-KEM-512,python,ML-KEM,128,keygen,2337.2,2237.6,2512.8,427.9,800,768,1632,32,2425,137316,5609280,3.9
ML-KEM-512,python,ML-KEM,128,encaps,3117.9,2988.55,3367.4,320.7,800,768,1632,32,1823,158556,7482960,2.7
ML-KEM-512,python,ML-KEM,128,decaps,3911.15,3723.125,4258.25,255.7,800,768,1632,32,1462,160673,9386760,6.6
ML-KEM-768,python,ML-KEM,192,keygen,3540.5,3348.65,3881.15,282.4,1184,1088,2400,32,1604,236100,8497200,2.4
ML-KEM-768,python,ML-KEM,192,encaps,4739.2,4373.825,5731.65,211.0,1184,1088,2400,32,1122,248916,11374080,47.8
ML-KEM-768,python,ML-KEM,192,decaps,5608.2,5238.9,7445.925,178.3,1184,1088,2400,32,902,252377,13459680,81.1
ML-KEM-1024,python,ML-KEM,256,keygen,5155.85,4829.8,6218.575,194.0,1568,1568,3168,32,1024,350964,12374040,65.8
ML-KEM-1024,python,ML-KEM,256,encaps,6374.8,5970.0,7824.7,156.9,1568,1568,3168,32,825,363972,15299520,71.7
ML-KEM-1024,python,ML-KEM,256,decaps,7488.0,7144.2,8105.2,133.5,1568,1568,3168,32,757,368969,17971200,3.9
ML-KEM-512,liboqs,ML-KEM,128,keygen,65.0,61.5,71.6,15384.6,800,768,1632,32,81113,7173,156000,5.9
ML-KEM-512,liboqs,ML-KEM,128,encaps,66.6,63.6,71.4,15015.0,800,768,1632,32,81012,13477,159840,5.5
ML-KEM-512,liboqs,ML-KEM,128,decaps,24.8,23.8,25.6,40322.6,800,768,1632,32,218664,8151,59520,4.9
ML-KEM-768,liboqs,ML-KEM,192,keygen,77.3,73.0,84.625,12936.6,1184,1088,2400,32,69784,8710,185520,11.1
ML-KEM-768,liboqs,ML-KEM,192,encaps,78.1,74.1,84.6,12804.1,1184,1088,2400,32,69065,14503,187440,9.9
ML-KEM-768,liboqs,ML-KEM,192,decaps,36.6,35.1,39.3,27322.4,1184,1088,2400,32,148605,8472,87840,0.5
ML-KEM-1024,liboqs,ML-KEM,256,keygen,94.8,90.4,104.4,10548.5,1568,1568,3168,32,56642,10246,227520,9.4
ML-KEM-1024,liboqs,ML-KEM,256,encaps,93.8,90.1,101.1,10661.0,1568,1568,3168,32,56570,12650,225120,3.2
ML-KEM-1024,liboqs,ML-KEM,256,decaps,53.5,51.8,57.1,18691.6,1568,1568,3168,32,101958,8952,128400,4.7
ML-KEM-768,pyca,ML-KEM,192,keygen,121.7,116.5,129.6,8216.9,1184,1088,2400,32,45190,24,292080,8.3
ML-KEM-768,pyca,ML-KEM,192,encaps,31.6,30.2,32.8,31645.6,1184,1088,2400,32,173962,1242,75840,5.7
ML-KEM-768,pyca,ML-KEM,192,decaps,47.5,47.0,50.4,21052.6,1184,1088,2400,32,114377,65,114000,1.3
ML-KEM-1024,pyca,ML-KEM,256,keygen,170.6,165.9,181.1,5861.7,1568,1568,3168,32,32204,24,409440,5.3
ML-KEM-1024,pyca,ML-KEM,256,encaps,42.5,40.5,43.5,23529.4,1568,1568,3168,32,130586,1722,102000,5.8
ML-KEM-1024,pyca,ML-KEM,256,decaps,62.9,60.2,65.5,15898.3,1568,1568,3168,32,89027,65,150960,2.7
RSA-2048,pyca,RSA,112,keygen,32520.0,20106.6,54775.85,30.8,294,256,1216,32,159,24,78048000,25.5
RSA-2048,pyca,RSA,112,encaps,20.3,19.4,20.7,49261.1,294,256,1216,32,270774,354,48720,4.4
RSA-2048,pyca,RSA,112,decaps,465.6,452.9,491.3,2147.8,294,256,1216,32,12001,65,1117440,1.9
RSA-3072,pyca,RSA,128,keygen,130421.55,78073.925,185968.725,7.7,422,384,1792,32,150,24,313011720,26.6
RSA-3072,pyca,RSA,128,encaps,36.8,35.2,37.9,27173.9,422,384,1792,32,150166,482,88320,4.6
RSA-3072,pyca,RSA,128,decaps,1431.0,1393.875,1509.0,698.8,422,384,1792,32,3964,65,3434400,1.3
RSA-4096,pyca,RSA,140,keygen,307220.85,180418.4,474529.525,3.3,550,512,2373,32,150,24,737330040,27.5
RSA-4096,pyca,RSA,140,encaps,59.6,57.0,61.4,16778.5,550,512,2373,32,93596,610,143040,0.8
RSA-4096,pyca,RSA,140,decaps,3264.6,3156.2,3452.9,306.3,550,512,2373,32,1757,65,7835040,3.9
RSA-7680,pyca,RSA,192,keygen,3606451.5,2160370.0,5178308.1,0.3,998,960,4390,32,15,24,8655483600,51.4
RSA-7680,pyca,RSA,192,encaps,188.3,180.7,195.1,5310.7,998,960,4390,32,29925,1058,451920,4.1
RSA-7680,pyca,RSA,192,decaps,30222.95,29302.75,31814.45,33.1,998,960,4390,32,300,65,72535080,4.0
P-256,pyca,ECC,128,keygen,13.6,13.0,14.0,73529.4,65,65,32,32,397038,64,32640,5.1
P-256,pyca,ECC,128,encaps,65.7,62.9,68.5,15220.7,65,65,32,32,84114,371,157680,4.4
P-256,pyca,ECC,128,decaps,41.5,39.7,42.8,24096.4,65,65,32,32,132158,137,99600,5.8
P-384,pyca,ECC,192,keygen,615.6,592.3,663.8,1624.4,97,97,48,48,8983,64,1477440,3.8
P-384,pyca,ECC,192,encaps,1254.85,1205.625,1398.225,796.9,97,97,48,48,4346,419,3011640,10.2
P-384,pyca,ECC,192,decaps,600.7,578.2,644.1,1664.7,97,97,48,48,9331,153,1441680,4.5
P-521,pyca,ECC,256,keygen,1350.95,1285.4,1450.875,740.2,133,133,66,66,4216,64,3242280,4.6
P-521,pyca,ECC,256,encaps,2673.7,2565.975,2873.975,374.0,133,133,66,66,3000,473,6416880,2.8
P-521,pyca,ECC,256,decaps,1304.8,1260.4,1390.975,766.4,133,133,66,66,4360,171,3131520,2.9
X25519,pyca,ECC,128,keygen,27.1,26.0,27.9,36900.4,32,32,32,32,200748,24,65040,4.4
X25519,pyca,ECC,128,encaps,55.3,52.8,57.4,18083.2,32,32,32,32,99383,210,132720,4.3
X25519,pyca,ECC,128,decaps,25.3,24.3,25.7,39525.7,32,32,32,32,221302,65,60720,4.0
